{
    "0": 0.6506975875786207,
    "1": 0.24337000912453108,
    "2": 0.4838992331358196
}