{
    "0": 0.6620358887671586,
    "1": 0.2873877112149795,
    "2": 0.4442049514073106
}