{
    "0": 0.6083824428240867,
    "1": 0.42679389670631523,
    "2": 0.5567346983814287
}