{
    "0": 0.28372251558762485,
    "1": 9.896279889498445e-05,
    "2": 0.08210483459019415
}