{
    "0": 0.7906567509153407,
    "1": 1.2654565932828832e-09,
    "2": 0.5359350179733723
}