{
    "0": 0.5141626179512436,
    "1": 0.11638546881239502,
    "2": 0.10877023612919257
}