{
    "0": 0.48085715475198443,
    "1": 0.004952188385157011,
    "2": 0.09152151409989004
}