{
    "0": 0.5363113955547795,
    "1": 0.00704580246597911,
    "2": 0.1096268599612852
}