{
    "0": 0.5445794865176914,
    "1": 0.011588210949591442,
    "2": 0.09633239569228964
}