{
    "0": 0.4906525622498016,
    "1": 0.011566972057864723,
    "2": 0.09048086185905586
}