{
    "0": 0.4931235720304811,
    "1": 0.028935661210232867,
    "2": 0.09759832305657481
}