{
    "0": 0.9370388432902199,
    "1": 0.9515754999330551,
    "2": 0.8756900455053319
}