{
    "0": 0.9406442053549908,
    "1": 0.9503547242885224,
    "2": 0.8651370718530839
}