{
    "0": 0.6985711918091383,
    "1": 0.6578387893042933,
    "2": 0.8607413979177613
}