{
    "0": 0.9458369502826814,
    "1": 0.956764438988918,
    "2": 0.8703988677426263
}