{
    "0": 0.9461122031419448,
    "1": 0.957161004644745,
    "2": 0.8738033056741681
}