{
    "0": 0.8886362478983305,
    "1": 0.526893749524358,
    "2": 0.08309753870605265
}