{
    "0": 0.9495106242963551,
    "1": 0.9561984736266315,
    "2": 0.8700647534086839
}