{
    "0": 0.946289992480896,
    "1": 0.9502621536441079,
    "2": 0.8762111854953716
}