{
    "0": 0.8512335289469242,
    "1": 0.25903193140601705,
    "2": 0.05253278177865424
}