{
    "0": 0.8556359959016023,
    "1": 0.8229867625741653,
    "2": 0.5165529401278757
}