{
    "0": 0.8791372298810399,
    "1": 0.8146080305103065,
    "2": 0.4707787013656435
}