{
    "0": 0.8460491398124098,
    "1": 0.8269065630878344,
    "2": 0.4725312179313098
}