{
    "0": 0.8724939614127696,
    "1": 0.8325163242663436,
    "2": 0.5162163039962323
}