{
    "0": 0.8426937555127033,
    "1": 0.4807771143945055,
    "2": 0.5111937139569808
}