epoch,lr,train_loss,train_iou,train_dice,val_loss,val_iou,val_dice
0,0.0009939057285945933,1.0833396768569947,0.00410589796941261,0.007447345132928226,1.0598960585064359,1.682117926383638e-09,3.364235821737309e-09
1,0.0009757729755661012,1.074387059211731,0.002052949226215413,0.003723673049482329,1.0591594378153484,3.4553821207968707e-09,6.91076407162701e-09
2,0.0009460482294732422,1.0682408316930134,0.001368632969205683,0.002482449003112368,1.0519662300745647,4.233543905585485e-09,8.467087546504604e-09
3,0.0009054634122155991,1.0638697063922882,0.0010264748399247529,0.001861836978375257,1.0431542131635878,8.323220331209104e-10,1.6646440621125176e-09
4,0.0008550178566873411,1.0603130922317505,0.0008211799622653813,0.0014894697633513634,1.0515685478846233,3.446534782870184e-09,6.8930693958116014e-09
5,0.0007959536998847743,1.0570822525024415,0.0006843167109173513,0.001241224954185203,1.0232781834072537,0.004167917763551653,0.008291513737842596
6,0.0007297252973710758,1.0544132784434728,0.003916629907334526,0.007425167939911473,1.03941810131073,0.013295871089406813,0.026177977993848203
7,0.0006579634122155991,1.0482680425047874,0.01202575733455131,0.022160952581781235,0.9939102000660367,0.17299055096566798,0.2906868891908505
