{
    "0": 0.9127384320537573,
    "1": 0.9358347896312182,
    "2": 0.8473875254090943
}