{
    "0": 0.9110485349451175,
    "1": 0.9463547530017115,
    "2": 0.8544664160968497
}