{
    "0": 0.9196235862109209,
    "1": 0.9359925746402529,
    "2": 0.8399286997879851
}