{
    "0": 0.9081135862294331,
    "1": 0.9411967603993191,
    "2": 0.793475806050357
}