{
    "0": 0.9217688048871286,
    "1": 0.9428089493801954,
    "2": 0.8586359422380324
}