{
    "0": 0.4611819089623804,
    "1": 0.003728225888455336,
    "2": 0.11193749433025242
}