{
    "0": 0.4404026311916547,
    "1": 0.030820673078629145,
    "2": 0.11707439807315785
}