{
    "0": 0.4339084092827649,
    "1": 0.005543751857330352,
    "2": 0.10217025207534434
}