{
    "0": 0.3691846609912096,
    "1": 0.0032328935326307777,
    "2": 0.1075995017883054
}