{
    "0": 0.45972566275664584,
    "1": 0.00460029487290748,
    "2": 0.09417461768388088
}