{
    "0": 0.0474719800089316,
    "1": 0.3769242062674473,
    "2": 0.037913732889133536
}