{
    "0": 0.044852478064784915,
    "1": 0.3685120888683155,
    "2": 0.0359453892565703
}