{
    "0": 0.0469804216299586,
    "1": 0.40156570367953215,
    "2": 0.03786127777192126
}