{
    "0": 0.042192364767190495,
    "1": 0.2762797258702556,
    "2": 0.0347167785957251
}