{
    "0": 0.04407077451801862,
    "1": 0.3347415786656967,
    "2": 0.035074322070217774
}